<application>
  <component name="ProjectManager">
    <defaultProject>
      <component name="Encoding" addBOMForNewFiles="with NO BOM" />
      <component name="GradleLocalSettings">
        <option name="projectSyncType">
          <map>
            <entry key="$USER_HOME$/Programing/JavaProjects/springboot-quizapp" value="PREVIEW" />
            <entry key="$USER_HOME$/Programing/KotlinProjects/kotlin-ktor-exposed-psql" value="PREVIEW" />
            <entry key="$USER_HOME$/Programing/KotlinProjects/kotlin-ktor-exposed-sample-api" value="PREVIEW" />
            <entry key="$USER_HOME$/Programing/KotlinProjects/spring-social" value="PREVIEW" />
          </map>
        </option>
      </component>
      <component name="masterDetails">
        <states>
          <state key="ProjectJDKs.UI">
            <settings>
              <last-edited>11</last-edited>
              <splitter-proportions>
                <option name="proportions">
                  <list>
                    <option value="0.2" />
                  </list>
                </option>
              </splitter-proportions>
            </settings>
          </state>
        </states>
      </component>
    </defaultProject>
  </component>
</application>