<application>
  <component name="ProjectManager">
    <defaultProject>
      <component name="GoogleJavaFormatSettings">
        <option name="enabled" value="true" />
      </component>
      <component name="PropertiesComponent">
        <property name="settings.editor.selected.configurable" value="settings.saveactions" />
      </component>
      <component name="SaveActionSettings">
        <option name="actions">
          <set>
            <option value="activate" />
            <option value="organizeImports" />
            <option value="reformat" />
          </set>
        </option>
        <option name="configurationPath" value="" />
      </component>
      <component name="masterDetails">
        <states>
          <state key="ProjectJDKs.UI">
            <settings>
              <last-edited>11</last-edited>
              <splitter-proportions>
                <option name="proportions">
                  <list>
                    <option value="0.2" />
                  </list>
                </option>
              </splitter-proportions>
            </settings>
          </state>
        </states>
      </component>
    </defaultProject>
  </component>
</application>